SYMBOL,ISSUER,Current supply,Max supply	,PRESICION,Pool balance,Core exchange rate (CER),Description,Countries,Title
AED,localcoin-fiat,0,"1,000,000,000,000.00000000",8,10000,"курсы обмена валют брать с https://fixer.io, пример http://data.fixer.io/api/latest?access_key=9f4ba08216c7335656fef5395948fcfa&base=GBP выдает все курсы обмена GBP на другие валюты","AED is a derivative that tracks the real value of 1 UAE Dirham - official currency of UNITED ARAB EMIRATES (THE). It is 100% decentralized, trustless and backed by the collateral held by the blockchain in smart contract",UNITED ARAB EMIRATES (THE),UAE Dirham
AFN,localcoin-fiat,0,"1,000,000,000,000.00000000",8,10000,,"AFN is a derivative that tracks the real value of 1 Afghani - official currency of AFGHANISTAN. It is 100% decentralized, trustless and backed by the collateral held by the blockchain in smart contract",AFGHANISTAN,Afghani
ALL,localcoin-fiat,0,"1,000,000,000,000.00000000",8,10000,"все курсы обмена фиат на фифит можно вытянуть из этого источника, завпрашивать 2 раза в сутки","ALL is a derivative that tracks the real value of 1 Lek - official currency of ALBANIA. It is 100% decentralized, trustless and backed by the collateral held by the blockchain in smart contract",ALBANIA,Lek
AMD,localcoin-fiat,0,"1,000,000,000,000.00000000",8,10000,,"AMD is a derivative that tracks the real value of 1 Armenian Dram - official currency of ARMENIA. It is 100% decentralized, trustless and backed by the collateral held by the blockchain in smart contract",ARMENIA,Armenian Dram
ANG,localcoin-fiat,0,"1,000,000,000,000.00000000",8,10000,,"ANG is a derivative that tracks the real value of 1 Netherlands Antillean Guilder - official currency of CURAÇAO and SINT MAARTEN (DUTCH PART). It is 100% decentralized, trustless and backed by the collateral held by the blockchain in smart contract",CURAÇAO and SINT MAARTEN (DUTCH PART),Netherlands Antillean Guilder
AOA,localcoin-fiat,0,"1,000,000,000,000.00000000",8,10000,,"AOA is a derivative that tracks the real value of 1 Kwanza - official currency of ANGOLA. It is 100% decentralized, trustless and backed by the collateral held by the blockchain in smart contract",ANGOLA,Kwanza
ARS,localcoin-fiat,0,"1,000,000,000,000.00000000",8,10000,,"ARS is a derivative that tracks the real value of 1 Argentine Peso - official currency of ARGENTINA. It is 100% decentralized, trustless and backed by the collateral held by the blockchain in smart contract",ARGENTINA,Argentine Peso
AUD,localcoin-fiat,0,"1,000,000,000,000.00000000",8,10000,,"AUD is a derivative that tracks the real value of 1 Australian Dollar - official currency of AUSTRALIA, CHRISTMAS ISLAND, COCOS (KEELING) ISLANDS (THE), HEARD ISLAND AND McDONALD ISLANDS, KIRIBATI, NAURU, NORFOLK ISLAND, TUVALU. It is 100% decentralized, trustless and backed by the collateral held by the blockchain in smart contract","AUSTRALIA, CHRISTMAS ISLAND, COCOS (KEELING) ISLANDS (THE), HEARD ISLAND AND McDONALD ISLANDS, KIRIBATI, NAURU, NORFOLK ISLAND, TUVALU",Australian Dollar
AWG,localcoin-fiat,0,"1,000,000,000,000.00000000",8,10000,,"AWG is a derivative that tracks the real value of 1 Aruban Florin - official currency of ARUBA. It is 100% decentralized, trustless and backed by the collateral held by the blockchain in smart contract",ARUBA,Aruban Florin
AZN,localcoin-fiat,0,"1,000,000,000,000.00000000",8,10000,,"AZN is a derivative that tracks the real value of 1 Azerbaijan Manat - official currency of AZERBAIJAN. It is 100% decentralized, trustless and backed by the collateral held by the blockchain in smart contract",AZERBAIJAN,Azerbaijan Manat
BAM,localcoin-fiat,0,"1,000,000,000,000.00000000",8,10000,,"BAM is a derivative that tracks the real value of 1 Convertible Mark - official currency of BOSNIA AND HERZEGOVINA. It is 100% decentralized, trustless and backed by the collateral held by the blockchain in smart contract",BOSNIA AND HERZEGOVINA,Convertible Mark
BBD,localcoin-fiat,0,"1,000,000,000,000.00000000",8,10000,,"BBD is a derivative that tracks the real value of 1 Barbados Dollar - official currency of BARBADOS. It is 100% decentralized, trustless and backed by the collateral held by the blockchain in smart contract",BARBADOS,Barbados Dollar
BDT,localcoin-fiat,0,"1,000,000,000,000.00000000",8,10000,,"BDT is a derivative that tracks the real value of 1 Taka - official currency of BANGLADESH. It is 100% decentralized, trustless and backed by the collateral held by the blockchain in smart contract",BANGLADESH,Taka
BGN,localcoin-fiat,0,"1,000,000,000,000.00000000",8,10000,,"BGN is a derivative that tracks the real value of 1 Bulgarian Lev - official currency of BULGARIA. It is 100% decentralized, trustless and backed by the collateral held by the blockchain in smart contract",BULGARIA,Bulgarian Lev
BHD,localcoin-fiat,0,"1,000,000,000,000.00000000",8,10000,,"BHD is a derivative that tracks the real value of 1 Bahraini Dinar - official currency of BAHRAIN. It is 100% decentralized, trustless and backed by the collateral held by the blockchain in smart contract",BAHRAIN,Bahraini Dinar
BIF,localcoin-fiat,0,"1,000,000,000,000.00000000",8,10000,,"BIF is a derivative that tracks the real value of 1 Burundi Franc - official currency of BURUNDI. It is 100% decentralized, trustless and backed by the collateral held by the blockchain in smart contract",BURUNDI,Burundi Franc
BMD,localcoin-fiat,0,"1,000,000,000,000.00000000",8,10000,,"BMD is a derivative that tracks the real value of 1 Bermudian Dollar - official currency of BERMUDA. It is 100% decentralized, trustless and backed by the collateral held by the blockchain in smart contract",BERMUDA,Bermudian Dollar
BND,localcoin-fiat,0,"1,000,000,000,000.00000000",8,10000,,"BND is a derivative that tracks the real value of 1 Brunei Dollar - official currency of BRUNEI DARUSSALAM. It is 100% decentralized, trustless and backed by the collateral held by the blockchain in smart contract",BRUNEI DARUSSALAM,Brunei Dollar
BOB,localcoin-fiat,0,"1,000,000,000,000.00000000",8,10000,,"BOB is a derivative that tracks the real value of 1 Boliviano - official currency of BOLIVIA (PLURINATIONAL STATE OF). It is 100% decentralized, trustless and backed by the collateral held by the blockchain in smart contract",BOLIVIA (PLURINATIONAL STATE OF),Boliviano
BRL,localcoin-fiat,0,"1,000,000,000,000.00000000",8,10000,,"BRL is a derivative that tracks the real value of 1 Brazilian Real - official currency of BRAZIL. It is 100% decentralized, trustless and backed by the collateral held by the blockchain in smart contract",BRAZIL,Brazilian Real
BTN,localcoin-fiat,0,"1,000,000,000,000.00000000",8,10000,,"BTN is a derivative that tracks the real value of 1 Ngultrum - official currency of BHUTAN. It is 100% decentralized, trustless and backed by the collateral held by the blockchain in smart contract",BHUTAN,Ngultrum
BWP,localcoin-fiat,0,"1,000,000,000,000.00000000",8,10000,,"BWP is a derivative that tracks the real value of 1 Pula - official currency of BOTSWANA. It is 100% decentralized, trustless and backed by the collateral held by the blockchain in smart contract",BOTSWANA,Pula
BYN,localcoin-fiat,0,"1,000,000,000,000.00000000",8,10000,,"BYN is a derivative that tracks the real value of 1 Belarusian Ruble - official currency of BELARUS. It is 100% decentralized, trustless and backed by the collateral held by the blockchain in smart contract",BELARUS,Belarusian Ruble
BZD,localcoin-fiat,0,"1,000,000,000,000.00000000",8,10000,,"BZD is a derivative that tracks the real value of 1 Belize Dollar - official currency of BELIZE. It is 100% decentralized, trustless and backed by the collateral held by the blockchain in smart contract",BELIZE,Belize Dollar
CAD,localcoin-fiat,0,"1,000,000,000,000.00000000",8,10000,,"CAD is a derivative that tracks the real value of 1 Canadian Dollar - official currency of CANADA. It is 100% decentralized, trustless and backed by the collateral held by the blockchain in smart contract",CANADA,Canadian Dollar
CDF,localcoin-fiat,0,"1,000,000,000,000.00000000",8,10000,,"CDF is a derivative that tracks the real value of 1 Congolese Franc - official currency of CONGO (THE DEMOCRATIC REPUBLIC OF THE). It is 100% decentralized, trustless and backed by the collateral held by the blockchain in smart contract",CONGO (THE DEMOCRATIC REPUBLIC OF THE),Congolese Franc
CHF,localcoin-fiat,0,"1,000,000,000,000.00000000",8,10000,,"CHF is a derivative that tracks the real value of 1 Swiss Franc - official currency of SWITZERLAND and LIECHTENSTEIN. It is 100% decentralized, trustless and backed by the collateral held by the blockchain in smart contract",SWITZERLAND and LIECHTENSTEIN,Swiss Franc
CLP,localcoin-fiat,0,"1,000,000,000,000.00000000",8,10000,,"CLP is a derivative that tracks the real value of 1 Chilean Peso - official currency of CHILE. It is 100% decentralized, trustless and backed by the collateral held by the blockchain in smart contract",CHILE,Chilean Peso
CNY,localcoin-fiat,0,"1,000,000,000,000.00000000",8,10000,,"CNY is a derivative that tracks the real value of 1 Yuan Renminbi - official currency of CHINA. It is 100% decentralized, trustless and backed by the collateral held by the blockchain in smart contract",CHINA,Yuan Renminbi
COP,localcoin-fiat,0,"1,000,000,000,000.00000000",8,10000,,"COP is a derivative that tracks the real value of 1 Colombian Peso - official currency of COLOMBIA. It is 100% decentralized, trustless and backed by the collateral held by the blockchain in smart contract",COLOMBIA,Colombian Peso
CRC,localcoin-fiat,0,"1,000,000,000,000.00000000",8,10000,,"CRC is a derivative that tracks the real value of 1 Costa Rican Colon - official currency of COSTA RICA. It is 100% decentralized, trustless and backed by the collateral held by the blockchain in smart contract",COSTA RICA,Costa Rican Colon
CUC,localcoin-fiat,0,"1,000,000,000,000.00000000",8,10000,,"CUC is a derivative that tracks the real value of 1 Peso Convertible - official currency of CUBA. It is 100% decentralized, trustless and backed by the collateral held by the blockchain in smart contract",CUBA,Peso Convertible
CUP,localcoin-fiat,0,"1,000,000,000,000.00000000",8,10000,,"CUP is a derivative that tracks the real value of 1 Cuban Peso - official currency of CUBA. It is 100% decentralized, trustless and backed by the collateral held by the blockchain in smart contract",CUBA,Cuban Peso
CVE,localcoin-fiat,0,"1,000,000,000,000.00000000",8,10000,,"CVE is a derivative that tracks the real value of 1 Cabo Verde Escudo - official currency of CABO VERDE. It is 100% decentralized, trustless and backed by the collateral held by the blockchain in smart contract",CABO VERDE,Cabo Verde Escudo
CZK,localcoin-fiat,0,"1,000,000,000,000.00000000",8,10000,,"CZK is a derivative that tracks the real value of 1 Czech Koruna - official currency of CZECHIA. It is 100% decentralized, trustless and backed by the collateral held by the blockchain in smart contract",CZECHIA,Czech Koruna
DJF,localcoin-fiat,0,"1,000,000,000,000.00000000",8,10000,,"DJF is a derivative that tracks the real value of 1 Djibouti Franc - official currency of DJIBOUTI. It is 100% decentralized, trustless and backed by the collateral held by the blockchain in smart contract",DJIBOUTI,Djibouti Franc
DKK,localcoin-fiat,0,"1,000,000,000,000.00000000",8,10000,,"DKK is a derivative that tracks the real value of 1 Danish Krone - official currency of DENMARK, FAROE ISLANDS (THE), GREENLAND. It is 100% decentralized, trustless and backed by the collateral held by the blockchain in smart contract","DENMARK, FAROE ISLANDS (THE), GREENLAND",Danish Krone
DOP,localcoin-fiat,0,"1,000,000,000,000.00000000",8,10000,,"DOP is a derivative that tracks the real value of 1 Dominican Peso - official currency of DOMINICAN REPUBLIC (THE). It is 100% decentralized, trustless and backed by the collateral held by the blockchain in smart contract",DOMINICAN REPUBLIC (THE),Dominican Peso
DZD,localcoin-fiat,0,"1,000,000,000,000.00000000",8,10000,,"DZD is a derivative that tracks the real value of 1 Algerian Dinar - official currency of ALGERIA. It is 100% decentralized, trustless and backed by the collateral held by the blockchain in smart contract",ALGERIA,Algerian Dinar
EGP,localcoin-fiat,0,"1,000,000,000,000.00000000",8,10000,,"EGP is a derivative that tracks the real value of 1 Egyptian Pound - official currency of EGYPT. It is 100% decentralized, trustless and backed by the collateral held by the blockchain in smart contract",EGYPT,Egyptian Pound
ERN,localcoin-fiat,0,"1,000,000,000,000.00000000",8,10000,,"ERN is a derivative that tracks the real value of 1 Nakfa - official currency of ERITREA. It is 100% decentralized, trustless and backed by the collateral held by the blockchain in smart contract",ERITREA,Nakfa
ETB,localcoin-fiat,0,"1,000,000,000,000.00000000",8,10000,,"ETB is a derivative that tracks the real value of 1 Ethiopian Birr - official currency of ETHIOPIA. It is 100% decentralized, trustless and backed by the collateral held by the blockchain in smart contract",ETHIOPIA,Ethiopian Birr
EUR,localcoin-fiat,0,"1,000,000,000,000.00000000",8,10000,,"EUR is a derivative that tracks the real value of 1 Euro - official currency of ÅLAND ISLANDS, ANDORRA, AUSTRIA, BELGIUM, CYPRUS, ESTONIA, EUROPEAN UNION, FINLAND, FRANCE, FRENCH GUIANA, FRENCH SOUTHERN TERRITORIES (THE), GERMANY, GREECE, GUADELOUPE, HOLY SEE (THE), IRELAND, ITALY, LATVIA, LITHUANIA, LUXEMBOURG, MALTA, MARTINIQUE, MAYOTTE, MONACO, MONTENEGRO, NETHERLANDS (THE), PORTUGAL, RÉUNION, SAINT BARTHÉLEMY, SAINT MARTIN (FRENCH PART), SAINT PIERRE AND MIQUELON, SAN MARINO, SLOVAKIA, SLOVENIA, SPAIN. It is 100% decentralized, trustless and backed by the collateral held by the blockchain in smart contract","ÅLAND ISLANDS, ANDORRA, AUSTRIA, BELGIUM, CYPRUS, ESTONIA, EUROPEAN UNION, FINLAND, FRANCE, FRENCH GUIANA, FRENCH SOUTHERN TERRITORIES (THE), GERMANY, GREECE, GUADELOUPE, HOLY SEE (THE), IRELAND, ITALY, LATVIA, LITHUANIA, LUXEMBOURG, MALTA, MARTINIQUE, MAYOTTE, MONACO, MONTENEGRO, NETHERLANDS (THE), PORTUGAL, RÉUNION, SAINT BARTHÉLEMY, SAINT MARTIN (FRENCH PART), SAINT PIERRE AND MIQUELON, SAN MARINO, SLOVAKIA, SLOVENIA, SPAIN",Euro
FJD,localcoin-fiat,0,"1,000,000,000,000.00000000",8,10000,,"FJD is a derivative that tracks the real value of 1 Fiji Dollar - official currency of FIJI. It is 100% decentralized, trustless and backed by the collateral held by the blockchain in smart contract",FIJI,Fiji Dollar
FKP,localcoin-fiat,0,"1,000,000,000,000.00000000",8,10000,,"FKP is a derivative that tracks the real value of 1 Falkland Islands Pound - official currency of FALKLAND ISLANDS (THE) [MALVINAS]. It is 100% decentralized, trustless and backed by the collateral held by the blockchain in smart contract",FALKLAND ISLANDS (THE) [MALVINAS],Falkland Islands Pound
GBP,localcoin-fiat,0,"1,000,000,000,000.00000000",8,10000,,"GBP is a derivative that tracks the real value of 1 Pound Sterling - official currency of GUERNSEY, ISLE OF MAN, JERSEY, UNITED KINGDOM OF GREAT BRITAIN AND NORTHERN IRELAND (THE). It is 100% decentralized, trustless and backed by the collateral held by the blockchain in smart contract","GUERNSEY, ISLE OF MAN, JERSEY, UNITED KINGDOM OF GREAT BRITAIN AND NORTHERN IRELAND (THE)",Pound Sterling
GEL,localcoin-fiat,0,"1,000,000,000,000.00000000",8,10000,,"GEL is a derivative that tracks the real value of 1 Lari - official currency of GEORGIA. It is 100% decentralized, trustless and backed by the collateral held by the blockchain in smart contract",GEORGIA,Lari
GHS,localcoin-fiat,0,"1,000,000,000,000.00000000",8,10000,,"GHS is a derivative that tracks the real value of 1 Ghana Cedi - official currency of GHANA. It is 100% decentralized, trustless and backed by the collateral held by the blockchain in smart contract",GHANA,Ghana Cedi
GIP,localcoin-fiat,0,"1,000,000,000,000.00000000",8,10000,,"GIP is a derivative that tracks the real value of 1 Gibraltar Pound - official currency of GIBRALTAR. It is 100% decentralized, trustless and backed by the collateral held by the blockchain in smart contract",GIBRALTAR,Gibraltar Pound
GMD,localcoin-fiat,0,"1,000,000,000,000.00000000",8,10000,,"GMD is a derivative that tracks the real value of 1 Dalasi - official currency of GAMBIA (THE). It is 100% decentralized, trustless and backed by the collateral held by the blockchain in smart contract",GAMBIA (THE),Dalasi
GNF,localcoin-fiat,0,"1,000,000,000,000.00000000",8,10000,,"GNF is a derivative that tracks the real value of 1 Guinean Franc - official currency of GUINEA. It is 100% decentralized, trustless and backed by the collateral held by the blockchain in smart contract",GUINEA,Guinean Franc
GTQ,localcoin-fiat,0,"1,000,000,000,000.00000000",8,10000,,"GTQ is a derivative that tracks the real value of 1 Quetzal - official currency of GUATEMALA. It is 100% decentralized, trustless and backed by the collateral held by the blockchain in smart contract",GUATEMALA,Quetzal
GYD,localcoin-fiat,0,"1,000,000,000,000.00000000",8,10000,,"GYD is a derivative that tracks the real value of 1 Guyana Dollar - official currency of GUYANA. It is 100% decentralized, trustless and backed by the collateral held by the blockchain in smart contract",GUYANA,Guyana Dollar
HKD,localcoin-fiat,0,"1,000,000,000,000.00000000",8,10000,,"HKD is a derivative that tracks the real value of 1 Hong Kong Dollar - official currency of HONG KONG. It is 100% decentralized, trustless and backed by the collateral held by the blockchain in smart contract",HONG KONG,Hong Kong Dollar
HNL,localcoin-fiat,0,"1,000,000,000,000.00000000",8,10000,,"HNL is a derivative that tracks the real value of 1 Lempira - official currency of HONDURAS. It is 100% decentralized, trustless and backed by the collateral held by the blockchain in smart contract",HONDURAS,Lempira
HRK,localcoin-fiat,0,"1,000,000,000,000.00000000",8,10000,,"HRK is a derivative that tracks the real value of 1 Kuna - official currency of CROATIA. It is 100% decentralized, trustless and backed by the collateral held by the blockchain in smart contract",CROATIA,Kuna
HTG,localcoin-fiat,0,"1,000,000,000,000.00000000",8,10000,,"HTG is a derivative that tracks the real value of 1 Gourde - official currency of HAITI. It is 100% decentralized, trustless and backed by the collateral held by the blockchain in smart contract",HAITI,Gourde
HUF,localcoin-fiat,0,"1,000,000,000,000.00000000",8,10000,,"HUF is a derivative that tracks the real value of 1 Forint - official currency of HUNGARY. It is 100% decentralized, trustless and backed by the collateral held by the blockchain in smart contract",HUNGARY,Forint
IDR,localcoin-fiat,0,"1,000,000,000,000.00000000",8,10000,,"IDR is a derivative that tracks the real value of 1 Rupiah - official currency of INDONESIA. It is 100% decentralized, trustless and backed by the collateral held by the blockchain in smart contract",INDONESIA,Rupiah
ILS,localcoin-fiat,0,"1,000,000,000,000.00000000",8,10000,,"ILS is a derivative that tracks the real value of 1 New Israeli Sheqel - official currency of ISRAEL and STATE OF PALESTINE. It is 100% decentralized, trustless and backed by the collateral held by the blockchain in smart contract",ISRAEL and STATE OF PALESTINE,New Israeli Sheqel
INR,localcoin-fiat,0,"1,000,000,000,000.00000000",8,10000,,"INR is a derivative that tracks the real value of 1 Indian Rupee - official currency of BHUTAN and INDIA. It is 100% decentralized, trustless and backed by the collateral held by the blockchain in smart contract",BHUTAN and INDIA,Indian Rupee
IQD,localcoin-fiat,0,"1,000,000,000,000.00000000",8,10000,,"IQD is a derivative that tracks the real value of 1 Iraqi Dinar - official currency of IRAQ. It is 100% decentralized, trustless and backed by the collateral held by the blockchain in smart contract",IRAQ,Iraqi Dinar
IRR,localcoin-fiat,0,"1,000,000,000,000.00000000",8,10000,,"IRR is a derivative that tracks the real value of 1 Iranian Rial - official currency of IRAN (ISLAMIC REPUBLIC OF). It is 100% decentralized, trustless and backed by the collateral held by the blockchain in smart contract",IRAN (ISLAMIC REPUBLIC OF),Iranian Rial
ISK,localcoin-fiat,0,"1,000,000,000,000.00000000",8,10000,,"ISK is a derivative that tracks the real value of 1 Iceland Krona - official currency of ICELAND. It is 100% decentralized, trustless and backed by the collateral held by the blockchain in smart contract",ICELAND,Iceland Krona
JMD,localcoin-fiat,0,"1,000,000,000,000.00000000",8,10000,,"JMD is a derivative that tracks the real value of 1 Jamaican Dollar - official currency of JAMAICA. It is 100% decentralized, trustless and backed by the collateral held by the blockchain in smart contract",JAMAICA,Jamaican Dollar
JOD,localcoin-fiat,0,"1,000,000,000,000.00000000",8,10000,,"JOD is a derivative that tracks the real value of 1 Jordanian Dinar - official currency of JORDAN. It is 100% decentralized, trustless and backed by the collateral held by the blockchain in smart contract",JORDAN,Jordanian Dinar
JPY,localcoin-fiat,0,"1,000,000,000,000.00000000",8,10000,,"JPY is a derivative that tracks the real value of 1 Yen - official currency of JAPAN. It is 100% decentralized, trustless and backed by the collateral held by the blockchain in smart contract",JAPAN,Yen
KES,localcoin-fiat,0,"1,000,000,000,000.00000000",8,10000,,"KES is a derivative that tracks the real value of 1 Kenyan Shilling - official currency of KENYA. It is 100% decentralized, trustless and backed by the collateral held by the blockchain in smart contract",KENYA,Kenyan Shilling
KGS,localcoin-fiat,0,"1,000,000,000,000.00000000",8,10000,,"KGS is a derivative that tracks the real value of 1 Som - official currency of KYRGYZSTAN. It is 100% decentralized, trustless and backed by the collateral held by the blockchain in smart contract",KYRGYZSTAN,Som
KHR,localcoin-fiat,0,"1,000,000,000,000.00000000",8,10000,,"KHR is a derivative that tracks the real value of 1 Riel - official currency of CAMBODIA. It is 100% decentralized, trustless and backed by the collateral held by the blockchain in smart contract",CAMBODIA,Riel
KMF,localcoin-fiat,0,"1,000,000,000,000.00000000",8,10000,,"KMF is a derivative that tracks the real value of 1 Comorian Franc - official currency of COMOROS (THE). It is 100% decentralized, trustless and backed by the collateral held by the blockchain in smart contract",COMOROS (THE),Comorian Franc
KPW,localcoin-fiat,0,"1,000,000,000,000.00000000",8,10000,,"KPW is a derivative that tracks the real value of 1 North Korean Won - official currency of KOREA (THE DEMOCRATIC PEOPLE’S REPUBLIC OF). It is 100% decentralized, trustless and backed by the collateral held by the blockchain in smart contract",KOREA (THE DEMOCRATIC PEOPLE’S REPUBLIC OF),North Korean Won
KRW,localcoin-fiat,0,"1,000,000,000,000.00000000",8,10000,,"KRW is a derivative that tracks the real value of 1 Won - official currency of KOREA (THE REPUBLIC OF). It is 100% decentralized, trustless and backed by the collateral held by the blockchain in smart contract",KOREA (THE REPUBLIC OF),Won
KWD,localcoin-fiat,0,"1,000,000,000,000.00000000",8,10000,,"KWD is a derivative that tracks the real value of 1 Kuwaiti Dinar - official currency of KUWAIT. It is 100% decentralized, trustless and backed by the collateral held by the blockchain in smart contract",KUWAIT,Kuwaiti Dinar
KYD,localcoin-fiat,0,"1,000,000,000,000.00000000",8,10000,,"KYD is a derivative that tracks the real value of 1 Cayman Islands Dollar - official currency of CAYMAN ISLANDS (THE). It is 100% decentralized, trustless and backed by the collateral held by the blockchain in smart contract",CAYMAN ISLANDS (THE),Cayman Islands Dollar
KZT,localcoin-fiat,0,"1,000,000,000,000.00000000",8,10000,,"KZT is a derivative that tracks the real value of 1 Tenge - official currency of KAZAKHSTAN. It is 100% decentralized, trustless and backed by the collateral held by the blockchain in smart contract",KAZAKHSTAN,Tenge
LAK,localcoin-fiat,0,"1,000,000,000,000.00000000",8,10000,,"LAK is a derivative that tracks the real value of 1 Lao Kip - official currency of LAO PEOPLE’S DEMOCRATIC REPUBLIC (THE). It is 100% decentralized, trustless and backed by the collateral held by the blockchain in smart contract",LAO PEOPLE’S DEMOCRATIC REPUBLIC (THE),Lao Kip
LBP,localcoin-fiat,0,"1,000,000,000,000.00000000",8,10000,,"LBP is a derivative that tracks the real value of 1 Lebanese Pound - official currency of LEBANON. It is 100% decentralized, trustless and backed by the collateral held by the blockchain in smart contract",LEBANON,Lebanese Pound
LKR,localcoin-fiat,0,"1,000,000,000,000.00000000",8,10000,,"LKR is a derivative that tracks the real value of 1 Sri Lanka Rupee - official currency of SRI LANKA. It is 100% decentralized, trustless and backed by the collateral held by the blockchain in smart contract",SRI LANKA,Sri Lanka Rupee
LRD,localcoin-fiat,0,"1,000,000,000,000.00000000",8,10000,,"LRD is a derivative that tracks the real value of 1 Liberian Dollar - official currency of LIBERIA. It is 100% decentralized, trustless and backed by the collateral held by the blockchain in smart contract",LIBERIA,Liberian Dollar
LSL,localcoin-fiat,0,"1,000,000,000,000.00000000",8,10000,,"LSL is a derivative that tracks the real value of 1 Loti - official currency of LESOTHO. It is 100% decentralized, trustless and backed by the collateral held by the blockchain in smart contract",LESOTHO,Loti
LYD,localcoin-fiat,0,"1,000,000,000,000.00000000",8,10000,,"LYD is a derivative that tracks the real value of 1 Libyan Dinar - official currency of LIBYA. It is 100% decentralized, trustless and backed by the collateral held by the blockchain in smart contract",LIBYA,Libyan Dinar
MAD,localcoin-fiat,0,"1,000,000,000,000.00000000",8,10000,,"MAD is a derivative that tracks the real value of 1 Moroccan Dirham - official currency of MOROCCO and WESTERN SAHARA. It is 100% decentralized, trustless and backed by the collateral held by the blockchain in smart contract",MOROCCO and WESTERN SAHARA,Moroccan Dirham
MDL,localcoin-fiat,0,"1,000,000,000,000.00000000",8,10000,,"MDL is a derivative that tracks the real value of 1 Moldovan Leu - official currency of MOLDOVA (THE REPUBLIC OF). It is 100% decentralized, trustless and backed by the collateral held by the blockchain in smart contract",MOLDOVA (THE REPUBLIC OF),Moldovan Leu
MGA,localcoin-fiat,0,"1,000,000,000,000.00000000",8,10000,,"MGA is a derivative that tracks the real value of 1 Malagasy Ariary - official currency of MADAGASCAR. It is 100% decentralized, trustless and backed by the collateral held by the blockchain in smart contract",MADAGASCAR,Malagasy Ariary
MKD,localcoin-fiat,0,"1,000,000,000,000.00000000",8,10000,,"MKD is a derivative that tracks the real value of 1 Denar - official currency of MACEDONIA (THE FORMER YUGOSLAV REPUBLIC OF). It is 100% decentralized, trustless and backed by the collateral held by the blockchain in smart contract",MACEDONIA (THE FORMER YUGOSLAV REPUBLIC OF),Denar
MMK,localcoin-fiat,0,"1,000,000,000,000.00000000",8,10000,,"MMK is a derivative that tracks the real value of 1 Kyat - official currency of MYANMAR. It is 100% decentralized, trustless and backed by the collateral held by the blockchain in smart contract",MYANMAR,Kyat
MNT,localcoin-fiat,0,"1,000,000,000,000.00000000",8,10000,,"MNT is a derivative that tracks the real value of 1 Tugrik - official currency of MONGOLIA. It is 100% decentralized, trustless and backed by the collateral held by the blockchain in smart contract",MONGOLIA,Tugrik
MOP,localcoin-fiat,0,"1,000,000,000,000.00000000",8,10000,,"MOP is a derivative that tracks the real value of 1 Pataca - official currency of MACAO. It is 100% decentralized, trustless and backed by the collateral held by the blockchain in smart contract",MACAO,Pataca
MRU,localcoin-fiat,0,"1,000,000,000,000.00000000",8,10000,,"MRU is a derivative that tracks the real value of 1 Ouguiya - official currency of MAURITANIA. It is 100% decentralized, trustless and backed by the collateral held by the blockchain in smart contract",MAURITANIA,Ouguiya
MUR,localcoin-fiat,0,"1,000,000,000,000.00000000",8,10000,,"MUR is a derivative that tracks the real value of 1 Mauritius Rupee - official currency of MAURITIUS. It is 100% decentralized, trustless and backed by the collateral held by the blockchain in smart contract",MAURITIUS,Mauritius Rupee
MVR,localcoin-fiat,0,"1,000,000,000,000.00000000",8,10000,,"MVR is a derivative that tracks the real value of 1 Rufiyaa - official currency of MALDIVES. It is 100% decentralized, trustless and backed by the collateral held by the blockchain in smart contract",MALDIVES,Rufiyaa
MWK,localcoin-fiat,0,"1,000,000,000,000.00000000",8,10000,,"MWK is a derivative that tracks the real value of 1 Malawi Kwacha - official currency of MALAWI. It is 100% decentralized, trustless and backed by the collateral held by the blockchain in smart contract",MALAWI,Malawi Kwacha
MXN,localcoin-fiat,0,"1,000,000,000,000.00000000",8,10000,,"MXN is a derivative that tracks the real value of 1 Mexican Peso - official currency of MEXICO. It is 100% decentralized, trustless and backed by the collateral held by the blockchain in smart contract",MEXICO,Mexican Peso
MYR,localcoin-fiat,0,"1,000,000,000,000.00000000",8,10000,,"MYR is a derivative that tracks the real value of 1 Malaysian Ringgit - official currency of MALAYSIA. It is 100% decentralized, trustless and backed by the collateral held by the blockchain in smart contract",MALAYSIA,Malaysian Ringgit
MZN,localcoin-fiat,0,"1,000,000,000,000.00000000",8,10000,,"MZN is a derivative that tracks the real value of 1 Mozambique Metical - official currency of MOZAMBIQUE. It is 100% decentralized, trustless and backed by the collateral held by the blockchain in smart contract",MOZAMBIQUE,Mozambique Metical
NAD,localcoin-fiat,0,"1,000,000,000,000.00000000",8,10000,,"NAD is a derivative that tracks the real value of 1 Namibia Dollar - official currency of NAMIBIA. It is 100% decentralized, trustless and backed by the collateral held by the blockchain in smart contract",NAMIBIA,Namibia Dollar
NGN,localcoin-fiat,0,"1,000,000,000,000.00000000",8,10000,,"NGN is a derivative that tracks the real value of 1 Naira - official currency of NIGERIA. It is 100% decentralized, trustless and backed by the collateral held by the blockchain in smart contract",NIGERIA,Naira
NIO,localcoin-fiat,0,"1,000,000,000,000.00000000",8,10000,,"NIO is a derivative that tracks the real value of 1 Cordoba Oro - official currency of NICARAGUA. It is 100% decentralized, trustless and backed by the collateral held by the blockchain in smart contract",NICARAGUA,Cordoba Oro
NOK,localcoin-fiat,0,"1,000,000,000,000.00000000",8,10000,,"NOK is a derivative that tracks the real value of 1 Norwegian Krone - official currency of BOUVET ISLAND, NORWAY, SVALBARD AND JAN MAYEN. It is 100% decentralized, trustless and backed by the collateral held by the blockchain in smart contract","BOUVET ISLAND, NORWAY, SVALBARD AND JAN MAYEN",Norwegian Krone
NPR,localcoin-fiat,0,"1,000,000,000,000.00000000",8,10000,,"NPR is a derivative that tracks the real value of 1 Nepalese Rupee - official currency of NEPAL. It is 100% decentralized, trustless and backed by the collateral held by the blockchain in smart contract",NEPAL,Nepalese Rupee
NZD,localcoin-fiat,0,"1,000,000,000,000.00000000",8,10000,,"NZD is a derivative that tracks the real value of 1 New Zealand Dollar - official currency of COOK ISLANDS (THE), NEW ZEALAND, NIUE, PITCAIRN, TOKELAU. It is 100% decentralized, trustless and backed by the collateral held by the blockchain in smart contract","COOK ISLANDS (THE), NEW ZEALAND, NIUE, PITCAIRN, TOKELAU",New Zealand Dollar
OMR,localcoin-fiat,0,"1,000,000,000,000.00000000",8,10000,,"OMR is a derivative that tracks the real value of 1 Rial Omani - official currency of OMAN. It is 100% decentralized, trustless and backed by the collateral held by the blockchain in smart contract",OMAN,Rial Omani
PAB,localcoin-fiat,0,"1,000,000,000,000.00000000",8,10000,,"PAB is a derivative that tracks the real value of 1 Balboa - official currency of PANAMA. It is 100% decentralized, trustless and backed by the collateral held by the blockchain in smart contract",PANAMA,Balboa
PEN,localcoin-fiat,0,"1,000,000,000,000.00000000",8,10000,,"PEN is a derivative that tracks the real value of 1 Sol - official currency of PERU. It is 100% decentralized, trustless and backed by the collateral held by the blockchain in smart contract",PERU,Sol
PGK,localcoin-fiat,0,"1,000,000,000,000.00000000",8,10000,,"PGK is a derivative that tracks the real value of 1 Kina - official currency of PAPUA NEW GUINEA. It is 100% decentralized, trustless and backed by the collateral held by the blockchain in smart contract",PAPUA NEW GUINEA,Kina
PHP,localcoin-fiat,0,"1,000,000,000,000.00000000",8,10000,,"PHP is a derivative that tracks the real value of 1 Philippine Piso - official currency of PHILIPPINES (THE). It is 100% decentralized, trustless and backed by the collateral held by the blockchain in smart contract",PHILIPPINES (THE),Philippine Piso
PKR,localcoin-fiat,0,"1,000,000,000,000.00000000",8,10000,,"PKR is a derivative that tracks the real value of 1 Pakistan Rupee - official currency of PAKISTAN. It is 100% decentralized, trustless and backed by the collateral held by the blockchain in smart contract",PAKISTAN,Pakistan Rupee
PLN,localcoin-fiat,0,"1,000,000,000,000.00000000",8,10000,,"PLN is a derivative that tracks the real value of 1 Zloty - official currency of POLAND. It is 100% decentralized, trustless and backed by the collateral held by the blockchain in smart contract",POLAND,Zloty
PYG,localcoin-fiat,0,"1,000,000,000,000.00000000",8,10000,,"PYG is a derivative that tracks the real value of 1 Guarani - official currency of PARAGUAY. It is 100% decentralized, trustless and backed by the collateral held by the blockchain in smart contract",PARAGUAY,Guarani
QAR,localcoin-fiat,0,"1,000,000,000,000.00000000",8,10000,,"QAR is a derivative that tracks the real value of 1 Qatari Rial - official currency of QATAR. It is 100% decentralized, trustless and backed by the collateral held by the blockchain in smart contract",QATAR,Qatari Rial
RON,localcoin-fiat,0,"1,000,000,000,000.00000000",8,10000,,"RON is a derivative that tracks the real value of 1 Romanian Leu - official currency of ROMANIA. It is 100% decentralized, trustless and backed by the collateral held by the blockchain in smart contract",ROMANIA,Romanian Leu
RSD,localcoin-fiat,0,"1,000,000,000,000.00000000",8,10000,,"RSD is a derivative that tracks the real value of 1 Serbian Dinar - official currency of SERBIA. It is 100% decentralized, trustless and backed by the collateral held by the blockchain in smart contract",SERBIA,Serbian Dinar
RUB,localcoin-fiat,0,"1,000,000,000,000.00000000",8,10000,,"RUB is a derivative that tracks the real value of 1 Russian Ruble - official currency of RUSSIAN FEDERATION (THE). It is 100% decentralized, trustless and backed by the collateral held by the blockchain in smart contract",RUSSIAN FEDERATION (THE),Russian Ruble
RWF,localcoin-fiat,0,"1,000,000,000,000.00000000",8,10000,,"RWF is a derivative that tracks the real value of 1 Rwanda Franc - official currency of RWANDA. It is 100% decentralized, trustless and backed by the collateral held by the blockchain in smart contract",RWANDA,Rwanda Franc
SAR,localcoin-fiat,0,"1,000,000,000,000.00000000",8,10000,,"SAR is a derivative that tracks the real value of 1 Saudi Riyal - official currency of SAUDI ARABIA. It is 100% decentralized, trustless and backed by the collateral held by the blockchain in smart contract",SAUDI ARABIA,Saudi Riyal
SCR,localcoin-fiat,0,"1,000,000,000,000.00000000",8,10000,,"SCR is a derivative that tracks the real value of 1 Seychelles Rupee - official currency of SEYCHELLES. It is 100% decentralized, trustless and backed by the collateral held by the blockchain in smart contract",SEYCHELLES,Seychelles Rupee
SDG,localcoin-fiat,0,"1,000,000,000,000.00000000",8,10000,,"SDG is a derivative that tracks the real value of 1 Sudanese Pound - official currency of SUDAN (THE). It is 100% decentralized, trustless and backed by the collateral held by the blockchain in smart contract",SUDAN (THE),Sudanese Pound
SEK,localcoin-fiat,0,"1,000,000,000,000.00000000",8,10000,,"SEK is a derivative that tracks the real value of 1 Swedish Krona - official currency of SWEDEN. It is 100% decentralized, trustless and backed by the collateral held by the blockchain in smart contract",SWEDEN,Swedish Krona
SGD,localcoin-fiat,0,"1,000,000,000,000.00000000",8,10000,,"SGD is a derivative that tracks the real value of 1 Singapore Dollar - official currency of SINGAPORE. It is 100% decentralized, trustless and backed by the collateral held by the blockchain in smart contract",SINGAPORE,Singapore Dollar
SHP,localcoin-fiat,0,"1,000,000,000,000.00000000",8,10000,,"SHP is a derivative that tracks the real value of 1 Saint Helena Pound - official currency of SAINT HELENA, ASCENSION AND TRISTAN DA CUNHA. It is 100% decentralized, trustless and backed by the collateral held by the blockchain in smart contract","SAINT HELENA, ASCENSION AND TRISTAN DA CUNHA",Saint Helena Pound
SLL,localcoin-fiat,0,"1,000,000,000,000.00000000",8,10000,,"SLL is a derivative that tracks the real value of 1 Leone - official currency of SIERRA LEONE. It is 100% decentralized, trustless and backed by the collateral held by the blockchain in smart contract",SIERRA LEONE,Leone
SOS,localcoin-fiat,0,"1,000,000,000,000.00000000",8,10000,,"SOS is a derivative that tracks the real value of 1 Somali Shilling - official currency of SOMALIA. It is 100% decentralized, trustless and backed by the collateral held by the blockchain in smart contract",SOMALIA,Somali Shilling
SRD,localcoin-fiat,0,"1,000,000,000,000.00000000",8,10000,,"SRD is a derivative that tracks the real value of 1 Surinam Dollar - official currency of SURINAME. It is 100% decentralized, trustless and backed by the collateral held by the blockchain in smart contract",SURINAME,Surinam Dollar
SSP,localcoin-fiat,0,"1,000,000,000,000.00000000",8,10000,,"SSP is a derivative that tracks the real value of 1 South Sudanese Pound - official currency of SOUTH SUDAN. It is 100% decentralized, trustless and backed by the collateral held by the blockchain in smart contract",SOUTH SUDAN,South Sudanese Pound
STN,localcoin-fiat,0,"1,000,000,000,000.00000000",8,10000,,"STN is a derivative that tracks the real value of 1 Dobra - official currency of SAO TOME AND PRINCIPE. It is 100% decentralized, trustless and backed by the collateral held by the blockchain in smart contract",SAO TOME AND PRINCIPE,Dobra
SVC,localcoin-fiat,0,"1,000,000,000,000.00000000",8,10000,,"SVC is a derivative that tracks the real value of 1 El Salvador Colon - official currency of EL SALVADOR. It is 100% decentralized, trustless and backed by the collateral held by the blockchain in smart contract",EL SALVADOR,El Salvador Colon
SYP,localcoin-fiat,0,"1,000,000,000,000.00000000",8,10000,,"SYP is a derivative that tracks the real value of 1 Syrian Pound - official currency of SYRIAN ARAB REPUBLIC. It is 100% decentralized, trustless and backed by the collateral held by the blockchain in smart contract",SYRIAN ARAB REPUBLIC,Syrian Pound
SZL,localcoin-fiat,0,"1,000,000,000,000.00000000",8,10000,,"SZL is a derivative that tracks the real value of 1 Lilangeni - official currency of SWAZILAND. It is 100% decentralized, trustless and backed by the collateral held by the blockchain in smart contract",SWAZILAND,Lilangeni
THB,localcoin-fiat,0,"1,000,000,000,000.00000000",8,10000,,"THB is a derivative that tracks the real value of 1 Baht - official currency of THAILAND. It is 100% decentralized, trustless and backed by the collateral held by the blockchain in smart contract",THAILAND,Baht
TJS,localcoin-fiat,0,"1,000,000,000,000.00000000",8,10000,,"TJS is a derivative that tracks the real value of 1 Somoni - official currency of TAJIKISTAN. It is 100% decentralized, trustless and backed by the collateral held by the blockchain in smart contract",TAJIKISTAN,Somoni
TMT,localcoin-fiat,0,"1,000,000,000,000.00000000",8,10000,,"TMT is a derivative that tracks the real value of 1 Turkmenistan New Manat - official currency of TURKMENISTAN. It is 100% decentralized, trustless and backed by the collateral held by the blockchain in smart contract",TURKMENISTAN,Turkmenistan New Manat
TND,localcoin-fiat,0,"1,000,000,000,000.00000000",8,10000,,"TND is a derivative that tracks the real value of 1 Tunisian Dinar - official currency of TUNISIA. It is 100% decentralized, trustless and backed by the collateral held by the blockchain in smart contract",TUNISIA,Tunisian Dinar
TOP,localcoin-fiat,0,"1,000,000,000,000.00000000",8,10000,,"TOP is a derivative that tracks the real value of 1 Pa’anga - official currency of TONGA. It is 100% decentralized, trustless and backed by the collateral held by the blockchain in smart contract",TONGA,Pa’anga
TRY,localcoin-fiat,0,"1,000,000,000,000.00000000",8,10000,,"TRY is a derivative that tracks the real value of 1 Turkish Lira - official currency of TURKEY. It is 100% decentralized, trustless and backed by the collateral held by the blockchain in smart contract",TURKEY,Turkish Lira
TTD,localcoin-fiat,0,"1,000,000,000,000.00000000",8,10000,,"TTD is a derivative that tracks the real value of 1 Trinidad and Tobago Dollar - official currency of TRINIDAD AND TOBAGO. It is 100% decentralized, trustless and backed by the collateral held by the blockchain in smart contract",TRINIDAD AND TOBAGO,Trinidad and Tobago Dollar
TWD,localcoin-fiat,0,"1,000,000,000,000.00000000",8,10000,,"TWD is a derivative that tracks the real value of 1 New Taiwan Dollar - official currency of TAIWAN (PROVINCE OF CHINA). It is 100% decentralized, trustless and backed by the collateral held by the blockchain in smart contract",TAIWAN (PROVINCE OF CHINA),New Taiwan Dollar
TZS,localcoin-fiat,0,"1,000,000,000,000.00000000",8,10000,,"TZS is a derivative that tracks the real value of 1 Tanzanian Shilling - official currency of TANZANIA, UNITED REPUBLIC of. It is 100% decentralized, trustless and backed by the collateral held by the blockchain in smart contract","TANZANIA, UNITED REPUBLIC OF",Tanzanian Shilling
UAH,localcoin-fiat,0,"1,000,000,000,000.00000000",8,10000,,"UAH is a derivative that tracks the real value of 1 Hryvnia - official currency of UKRAINE. It is 100% decentralized, trustless and backed by the collateral held by the blockchain in smart contract",UKRAINE,Hryvnia
UGX,localcoin-fiat,0,"1,000,000,000,000.00000000",8,10000,,"UGX is a derivative that tracks the real value of 1 Uganda Shilling - official currency of UGANDA. It is 100% decentralized, trustless and backed by the collateral held by the blockchain in smart contract",UGANDA,Uganda Shilling
USD,localcoin-fiat,0,"1,000,000,000,000.00000000",8,10000,,"USD is a derivative that tracks the real value of 1 US Dollar - official currency of AMERICAN SAMOA, BONAIRE, SINT EUSTATIUS AND SABA, BRITISH INDIAN OCEAN TERRITORY (THE), BAHAMAS (THE), ECUADOR, EL SALVADOR, GUAM, HAITI, MARSHALL ISLANDS (THE), MICRONESIA (FEDERATED STATES OF), NORTHERN MARIANA ISLANDS (THE), PALAU, PANAMA, PUERTO RICO, TIMOR-LESTE, TURKS AND CAICOS ISLANDS (THE), UNITED STATES MINOR OUTLYING ISLANDS (THE), UNITED STATES OF AMERICA (THE), VIRGIN ISLANDS (BRITISH), VIRGIN ISLANDS (U.S.). It is 100% decentralized, trustless and backed by the collateral held by the blockchain in smart contract
","AMERICAN SAMOA, BONAIRE, BAHAMAS (THE), SINT EUSTATIUS AND SABA, BRITISH INDIAN OCEAN TERRITORY (THE), ECUADOR, EL SALVADOR, GUAM, HAITI, MARSHALL ISLANDS (THE), MICRONESIA (FEDERATED STATES OF), NORTHERN MARIANA ISLANDS (THE), PALAU, PANAMA, PUERTO RICO, TIMOR-LESTE, TURKS AND CAICOS ISLANDS (THE), UNITED STATES MINOR OUTLYING ISLANDS (THE), UNITED STATES OF AMERICA (THE), VIRGIN ISLANDS (BRITISH), VIRGIN ISLANDS (U.S.)
",US Dollar
UYU,localcoin-fiat,0,"1,000,000,000,000.00000000",8,10000,,"UYU is a derivative that tracks the real value of 1 Peso Uruguayo - official currency of URUGUAY. It is 100% decentralized, trustless and backed by the collateral held by the blockchain in smart contract",URUGUAY,Peso Uruguayo
UZS,localcoin-fiat,0,"1,000,000,000,000.00000000",8,10000,,"UZS is a derivative that tracks the real value of 1 Uzbekistan Sum - official currency of UZBEKISTAN. It is 100% decentralized, trustless and backed by the collateral held by the blockchain in smart contract",UZBEKISTAN,Uzbekistan Sum
VEF,localcoin-fiat,0,"1,000,000,000,000.00000000",8,10000,,"VEF is a derivative that tracks the real value of 1 Bolívar - official currency of VENEZUELA (BOLIVARIAN REPUBLIC OF). It is 100% decentralized, trustless and backed by the collateral held by the blockchain in smart contract",VENEZUELA (BOLIVARIAN REPUBLIC OF),Bolívar
VND,localcoin-fiat,0,"1,000,000,000,000.00000000",8,10000,,"VND is a derivative that tracks the real value of 1 Dong - official currency of VIET NAM. It is 100% decentralized, trustless and backed by the collateral held by the blockchain in smart contract",VIET NAM,Dong
VUV,localcoin-fiat,0,"1,000,000,000,000.00000000",8,10000,,"VUV is a derivative that tracks the real value of 1 Vatu - official currency of VANUATU. It is 100% decentralized, trustless and backed by the collateral held by the blockchain in smart contract",VANUATU,Vatu
WST,localcoin-fiat,0,"1,000,000,000,000.00000000",8,10000,,"WST is a derivative that tracks the real value of 1 Tala - official currency of SAMOA. It is 100% decentralized, trustless and backed by the collateral held by the blockchain in smart contract",SAMOA,Tala
XAF,localcoin-fiat,0,"1,000,000,000,000.00000000",8,10000,,"XAF is a derivative that tracks the real value of 1 CFA Franc BEAC - official currency of CAMEROON, CENTRAL AFRICAN REPUBLIC (THE), CHAD, CONGO (THE), EQUATORIAL GUINEA, GABON. It is 100% decentralized, trustless and backed by the collateral held by the blockchain in smart contract","CAMEROON, CENTRAL AFRICAN REPUBLIC (THE), CHAD, CONGO (THE), EQUATORIAL GUINEA, GABON",CFA Franc BEAC
XAG,localcoin-fiat,0,"1,000,000,000,000.00000000",8,10000,,"XAG is a derivative that tracks the real value of 1 Silver - official currency of ZZ11_Silver. It is 100% decentralized, trustless and backed by the collateral held by the blockchain in smart contract",ZZ11_Silver,Silver
XAU,localcoin-fiat,0,"1,000,000,000,000.00000000",8,10000,,"XAU is a derivative that tracks the real value of 1 Gold - official currency of ZZ08_Gold. It is 100% decentralized, trustless and backed by the collateral held by the blockchain in smart contract",ZZ08_Gold,Gold
XCD,localcoin-fiat,0,"1,000,000,000,000.00000000",8,10000,,"XCD is a derivative that tracks the real value of 1 East Caribbean Dollar - official currency of ANGUILLA, ANTIGUA AND BARBUDA, DOMINICA, GRENADA, MONTSERRAT, SAINT KITTS AND NEVIS, SAINT LUCIA, SAINT VINCENT AND THE GRENADINES. It is 100% decentralized, trustless and backed by the collateral held by the blockchain in smart contract","ANGUILLA, ANTIGUA AND BARBUDA, DOMINICA, GRENADA, MONTSERRAT, SAINT KITTS AND NEVIS, SAINT LUCIA, SAINT VINCENT AND THE GRENADINES",East Caribbean Dollar
XDR,localcoin-fiat,0,"1,000,000,000,000.00000000",8,10000,,"XDR is a derivative that tracks the real value of 1 SDR (Special Drawing Right) - official currency of INTERNATIONAL MONETARY FUND (IMF). It is 100% decentralized, trustless and backed by the collateral held by the blockchain in smart contract",INTERNATIONAL MONETARY FUND (IMF),SDR (Special Drawing Right)
XOF,localcoin-fiat,0,"1,000,000,000,000.00000000",8,10000,,"Xof is a derivative that tracks the real value of 1 CFA Franc BCEAO - official currency of BENIN, BURKINA FASO, CÔTE D'IVOIRE, GUINEA-BISSAU, MALI, NIGER (THE), SENEGAL, TOGO. It is 100% decentralized, trustless and backed by the collateral held by the blockchain in smart contract","BENIN, BURKINA FASO, CÔTE D'IVOIRE, GUINEA-BISSAU, MALI, NIGER (THE), SENEGAL, TOGO",CFA Franc BCEAO
XPD,localcoin-fiat,0,"1,000,000,000,000.00000000",8,10000,,"XPD is a derivative that tracks the real value of 1 Palladium - official currency of ZZ09_Palladium. It is 100% decentralized, trustless and backed by the collateral held by the blockchain in smart contract",ZZ09_Palladium,Palladium
XPF,localcoin-fiat,0,"1,000,000,000,000.00000000",8,10000,,"XPF is a derivative that tracks the real value of 1 CFP Franc - official currency of FRENCH POLYNESIA, NEW CALEDONIA, WALLIS AND FUTUNA. It is 100% decentralized, trustless and backed by the collateral held by the blockchain in smart contract","FRENCH POLYNESIA, NEW CALEDONIA, WALLIS AND FUTUNA",CFP Franc
XPT,localcoin-fiat,0,"1,000,000,000,000.00000000",8,10000,,"XPT is a derivative that tracks the real value of 1 Platinum - official currency of ZZ10_Platinum. It is 100% decentralized, trustless and backed by the collateral held by the blockchain in smart contract",ZZ10_Platinum,Platinum
XUA,localcoin-fiat,0,"1,000,000,000,000.00000000",8,10000,,"XUA is a derivative that tracks the real value of 1 ADB Unit of Account - official currency of MEMBER COUNTRIES OF THE AFRICAN DEVELOPMENT BANK GROUP. It is 100% decentralized, trustless and backed by the collateral held by the blockchain in smart contract",MEMBER COUNTRIES OF THE AFRICAN DEVELOPMENT BANK GROUP,ADB Unit of Account
YER,localcoin-fiat,0,"1,000,000,000,000.00000000",8,10000,,"YER is a derivative that tracks the real value of 1 Yemeni Rial - official currency of YEMEN. It is 100% decentralized, trustless and backed by the collateral held by the blockchain in smart contract",YEMEN,Yemeni Rial
ZAR,localcoin-fiat,0,"1,000,000,000,000.00000000",8,10000,,"ZAR is a derivative that tracks the real value of 1 Rand - official currency of LESOTHO, NAMIBIA, SOUTH AFRICA. It is 100% decentralized, trustless and backed by the collateral held by the blockchain in smart contract","LESOTHO, NAMIBIA, SOUTH AFRICA",Rand
ZMW,localcoin-fiat,0,"1,000,000,000,000.00000000",8,10000,,"ZMW is a derivative that tracks the real value of 1 Zambian Kwacha - official currency of ZAMBIA. It is 100% decentralized, trustless and backed by the collateral held by the blockchain in smart contract",ZAMBIA,Zambian Kwacha
ZWL,localcoin-fiat,0,"1,000,000,000,000.00000000",8,10000,,"ZWL is a derivative that tracks the real value of 1 Zimbabwe Dollar - official currency of ZIMBABWE. It is 100% decentralized, trustless and backed by the collateral held by the blockchain in smart contract",ZIMBABWE,Zimbabwe Dollar
ZMK,localcoin-fiat,0,"1,000,000,000,000.00000000",8,10000,,"ZMK is a derivative that tracks the real value of 1 Zambian kwacha - official currency of ZAMBIA. It is 100% decentralized, trustless and backed by the collateral held by the blockchain in smart contract",Zambia,Zambian kwacha